{
    "wind": {
        "mean": 2174.014910653595,
        "median": 1695.1619166666667,
        "std": 1840.5582604052793,
        "min": 0.0,
        "max": 6241.979666666667,
        "n_datapoints": 10200,
        "n_bins": 100,
        "skewness": 0.5897060249463995,
        "kurtosis": -0.9347707346586818
    },
    "wind_forecast": {
        "mean": 1201.9100245098039,
        "median": 43.625,
        "std": 1871.6562562258493,
        "min": 0.0,
        "max": 7821.5,
        "n_datapoints": 10200,
        "n_bins": 100,
        "skewness": 1.6068210065234696,
        "kurtosis": 1.5353297440502574
    },
    "solar": {
        "mean": 2280.096635604575,
        "median": 23.94075,
        "std": 3695.7457197569647,
        "min": 0.0,
        "max": 16832.3115,
        "n_datapoints": 10200,
        "n_bins": 100,
        "skewness": 1.7869816547612536,
        "kurtosis": 2.3953595714597244
    },
    "solar_forecast": {
        "mean": 1926.8295261437906,
        "median": 1553.375,
        "std": 1482.9387265870043,
        "min": 23.5,
        "max": 6435.0,
        "n_datapoints": 10200,
        "n_bins": 100,
        "skewness": 0.6800451751642383,
        "kurtosis": -0.5588909355539191
    },
    "consumption": {
        "mean": 12757.096903594771,
        "median": 12659.125,
        "std": 1982.6260717733867,
        "min": 6768.0,
        "max": 19477.25,
        "n_datapoints": 10200,
        "n_bins": 100,
        "skewness": 0.4693058683654541,
        "kurtosis": -0.2603985469765373
    },
    "coal": {
        "mean": 698.4547823529412,
        "median": 699.519,
        "std": 3.2284832155701233,
        "min": 683.626,
        "max": 699.995,
        "n_datapoints": 10200,
        "n_bins": 100,
        "skewness": -3.0666325355943815,
        "kurtosis": 8.414582221588626
    }
}