{
    "statistics": {
        "mean": 92.36574117647059,
        "median": 94.9,
        "std": 47.20324601043074,
        "min": -500.0,
        "max": 463.77,
        "n_datapoints": 10200,
        "n_bins": 100,
        "skewness": -1.0815334590332135,
        "kurtosis": 12.521171507360213
    },
    "histogram": {
        "counts": [
            3,
            0,
            0,
            0,
            0,
            1,
            0,
            0,
            0,
            0,
            1,
            0,
            0,
            0,
            0,
            0,
            0,
            0,
            0,
            0,
            0,
            0,
            0,
            0,
            0,
            1,
            0,
            1,
            0,
            0,
            0,
            3,
            1,
            1,
            0,
            2,
            1,
            0,
            0,
            0,
            1,
            4,
            2,
            3,
            4,
            6,
            12,
            7,
            7,
            16,
            40,
            371,
            219,
            137,
            125,
            149,
            259,
            394,
            602,
            813,
            1055,
            1197,
            1201,
            871,
            743,
            607,
            397,
            300,
            171,
            157,
            91,
            62,
            62,
            19,
            28,
            18,
            9,
            13,
            5,
            3,
            1,
            0,
            1,
            0,
            0,
            0,
            0,
            0,
            0,
            0,
            0,
            1,
            0,
            0,
            0,
            0,
            0,
            0,
            1,
            1
        ],
        "bin_edges": [
            -500.0,
            -490.3623,
            -480.7246,
            -471.0869,
            -461.4492,
            -451.8115,
            -442.1738,
            -432.5361,
            -422.8984,
            -413.2607,
            -403.623,
            -393.9853,
            -384.3476,
            -374.7099,
            -365.07219999999995,
            -355.43449999999996,
            -345.79679999999996,
            -336.15909999999997,
            -326.52139999999997,
            -316.8837,
            -307.246,
            -297.6083,
            -287.9706,
            -278.3329,
            -268.6952,
            -259.0575,
            -249.41979999999998,
            -239.78209999999996,
            -230.14439999999996,
            -220.50669999999997,
            -210.86899999999997,
            -201.23129999999998,
            -191.59359999999998,
            -181.95589999999999,
            -172.3182,
            -162.6805,
            -153.0428,
            -143.4051,
            -133.76739999999995,
            -124.12969999999996,
            -114.49199999999996,
            -104.85429999999997,
            -95.21659999999997,
            -85.57889999999998,
            -75.94119999999998,
            -66.30349999999999,
            -56.66579999999999,
            -47.028099999999995,
            -37.3904,
            -27.752699999999948,
            -18.114999999999952,
            -8.477299999999957,
            1.1604000000000383,
            10.798100000000034,
            20.435800000000086,
            30.07350000000008,
            39.711200000000076,
            49.34890000000007,
            58.98660000000007,
            68.62430000000006,
            78.26200000000006,
            87.89970000000005,
            97.53740000000005,
            107.17510000000004,
            116.81280000000004,
            126.45050000000003,
            136.08820000000003,
            145.72590000000002,
            155.36360000000002,
            165.00130000000001,
            174.639,
            184.2767,
            193.9144,
            203.5521,
            213.1898,
            222.8275000000001,
            232.4652000000001,
            242.1029000000001,
            251.7406000000001,
            261.3783000000001,
            271.0160000000001,
            280.6537000000001,
            290.29140000000007,
            299.92910000000006,
            309.56680000000006,
            319.20450000000005,
            328.84220000000005,
            338.47990000000004,
            348.11760000000004,
            357.75530000000003,
            367.39300000000003,
            377.0307,
            386.6684,
            396.3061,
            405.9438,
            415.5815,
            425.2192,
            434.8569000000001,
            444.4946000000001,
            454.1323000000001,
            463.77
        ]
    }
}