fold,RMSE,SMAPE,R2,horizon
0,25.353717313083756,31.561157540014413,-0.19583176467406238,24
1,14.888768318131891,13.781015447030606,0.4268376303442202,24
2,18.1026345700349,18.61034315622412,0.43039124622594305,24
3,20.348818066862968,31.58774416297015,0.31172080220435483,24
4,21.42594845953565,35.481222149932854,0.39316063736096696,24
5,15.678786171919343,19.34598274584041,0.3285756603796931,24
6,9.191017146753461,10.79591984403718,0.38765478795985275,24
