fold,RMSE,SMAPE,R2,horizon
0,39.097225986978096,52.20491881750203,-2.8765348286509993,38
1,13.863486810807956,11.632794011341744,0.5371042760059966,38
2,21.72772414544921,24.425024261599166,0.21590789561016888,38
3,21.889001770416723,29.94581621390065,0.039354020732851436,38
4,23.11457508253575,40.04679286259481,0.339844416065086,38
5,16.58524098888162,20.197276841307925,-0.06977212126139487,38
6,11.859093806335842,17.14928398471453,0.03606932258944717,38
