fold,RMSE,SMAPE,R2,horizon
0,27.912775772613276,38.94089317283008,-0.32213186727399257,14
1,15.109396735735496,14.588002098476727,0.4184108868143649,14
2,15.000201518938265,14.570584013344574,0.5719003884866494,14
3,22.714825995561004,34.46796696880266,0.11719568514302514,14
4,18.78945705295026,34.11809672905298,0.565108523874797,14
5,16.03371702051027,21.2842775755568,0.3206706540833034,14
6,8.471984004458104,9.68844351869398,0.4923934642121862,14
